coverLetterID,name,path
1,coverletter.pdf,./Files/CoverLetters/1-coverletter.pdf
2,coverletter.pdf,./Files/CoverLetters/2-coverletter.pdf
3,coverletter.pdf,./Files/CoverLetters/3-coverletter.pdf
4,coverletter.pdf,./Files/CoverLetters/4-coverletter.pdf
5,coverletter.pdf,./Files/CoverLetters/5-coverletter.pdf
6,coverletter.pdf,./Files/CoverLetters/6-coverletter.pdf
7,coverletter.pdf,./Files/CoverLetters/7-coverletter.pdf
8,coverletter.pdf,./Files/CoverLetters/8-coverletter.pdf
9,coverletter.pdf,./Files/CoverLetters/9-coverletter.pdf
10,coverletter.pdf,./Files/CoverLetters/10-coverletter.pdf
11,coverletter.pdf,./Files/CoverLetters/11-coverletter.pdf
12,coverletter.pdf,./Files/CoverLetters/12-coverletter.pdf
13,coverletter.pdf,./Files/CoverLetters/13-coverletter.pdf
14,coverletter.pdf,./Files/CoverLetters/14-coverletter.pdf
15,coverletter.pdf,./Files/CoverLetters/15-coverletter.pdf
16,coverletter.pdf,./Files/CoverLetters/16-coverletter.pdf
17,coverletter.pdf,./Files/CoverLetters/17-coverletter.pdf
18,coverletter.pdf,./Files/CoverLetters/18-coverletter.pdf
19,coverletter.pdf,./Files/CoverLetters/19-coverletter.pdf
